ID,Name
1060,"Hasselbeck, Matt"
1081,"Manning, Peyton"
1131,"Brady, Tom"
1151,"Brees, Drew"
1155,"Vick, Michael"
1175,"McCown, Josh"
1207,"Palmer, Carson"
1213,"Hill, Shaun"
1225,"Manning, Eli"
1227,"McCown, Luke"
1231,"Rivers, Philip"
1232,"Roethlisberger, Ben"
1233,"Romo, Tony"
1234,"Schaub, Matt"
1239,"Anderson, Derek"
1241,"Cassel, Matt"
1242,"Fitzpatrick, Ryan"
1249,"Orlovsky, Dan"
1252,"Rodgers, Aaron"
1254,"Smith, Alex"
1260,"Jackson, Tarvaris"
1262,"Clemens, Kellen"
1263,"Cutler, Jay"
1272,"Whitehurst, Charlie"
1290,"Stanton, Drew"
1298,"Moore, Matt"
1301,"Ryan, Matt"
1302,"Flacco, Joe"
1330,"Freeman, Josh"
1334,"Daniel, Chase"
1336,"Hoyer, Brian"
1339,"Sanchez, Mark"
1340,"Stafford, Matthew"
1344,"Bradford, Sam"
1350,"Clausen, Jimmy"
1361,"McCoy, Colt"
1378,"Newton, Cam"
1381,"Gabbert, Blaine"
1399,"Yates, T.J."
1400,"Taylor, Tyrod"
1401,"Mallett, Ryan"
1403,"Dalton, Andy"
1404,"Kaepernick, Colin"
1407,"Pryor, Terrelle"
1408,"Griffin III, Robert"
1409,"Luck, Andrew"
1410,"Tannehill, Ryan"
1411,"Weeden, Brandon"
1412,"Wilson, Russell"
1413,"Foles, Nick"
1414,"Osweiler, Brock"
1415,"Cousins, Kirk"
1416,"Lindley, Ryan"
1421,"Manuel, E.J."
1422,"Nassib, Ryan"
1423,"Renfree, Sean"
1426,"Smith, Geno"
1430,"Jones, Landry"
1433,"Tolzien, Scott"
1435,"Keenum, Case"
1437,"McGloin, Matt"
1438,"Manziel, Johnny"
1439,"Bridgewater, Teddy"
1440,"Mettenberger, Zach"
1441,"Carr, Derek"
1442,"Bortles, Blake"
1444,"Tanney, Alex"
1445,"Davis, Austin"
1450,"Griffin, Ryan"
1452,"Garoppolo, Jimmy"
1458,"Moore, Kellen"
1465,"Winston, Jameis"
1466,"Mariota, Marcus"
1467,"McCarron, A.J."
1468,"Daniels, B.J."
1484,"Mannion, Sean"
1488,"Siemian, Trevor"
1489,"Murphy, Tyler"
1490,"Goff, Jared"
1493,"Boykin, Trevone"
1496,"Brissett, Jacoby"
1501,"Prescott, Dak"
2418,"Jackson, Steven"
2467,"Gore, Frank"
2484,"Sproles, Darren"
2495,"Bush, Reggie"
2500,"Williams, DeAngelo"
2520,"Jackson, Fred"
2535,"Bradshaw, Ahmad"
2549,"Kuhn, John"
2552,"Lynch, Marshawn"
2553,"Peterson, Adrian"
2580,"Grant, Ryan"
2598,"Thomas, Pierre"
2603,"McFadden, Darren"
2604,"Hightower, Tim"
2612,"Stewart, Jonathan"
2613,"Forte, Matt"
2622,"Smith, Kevin"
2624,"Felton, Jerome"
2629,"Charles, Jamaal"
2642,"Forsett, Justin"
2645,"Johnson, Chris"
2647,"Tolbert, Mike"
2658,"Jennings, Rashad"
2665,"Reece, Marcel"
2689,"Woodhead, Danny"
2692,"Peerman, Cedric"
2696,"Foster, Arian"
2705,"Brown, Donald"
2707,"McCoy, LeSean"
2719,"Bell, Joique"
2721,"Blount, LeGarrette"
2730,"Dixon, Anthony"
2736,"Gerhart, Toby"
2741,"Ivory, Chris"
2754,"Mathews, Ryan"
2774,"Smith, Antone"
2775,"Spiller, C.J."
2777,"Starks, James"
2791,"Young, Darrel"
2793,"Ingram, Mark"
2802,"Harris, DuJuan"
2805,"DiMarco, Patrick"
2813,"Helu, Roy"
2814,"Hunter, Kendall"
2816,"Lewis, Dion"
2818,"Rodgers, Jacquizz"
2819,"Powell, Bilal"
2820,"Jones, Taiwan"
2822,"Sherman, Anthony"
2824,"Clutts, Tyler"
2825,"Develin, James"
2829,"Ridley, Stevan"
2830,"Vereen, Shane"
2831,"Murray, DeMarco"
2834,"Miller, Bruce"
2840,"Todman, Jordan"
2851,"Brown, Bryce"
2855,"Herron, Dan"
2856,"Hillman, Ronnie"
2857,"James, LaMichael"
2858,"Martin, Doug"
2859,"Miller, Lamar"
2860,"Pead, Isaiah"
2861,"Pierce, Bernard"
2863,"Rainey, Bobby"
2864,"Richardson, Daryl"
2867,"Turbin, Robert"
2869,"Cadet, Travaris"
2871,"Morris, Alfred"
2873,"Asiata, Matt"
2874,"Bolden, Brandon"
2875,"Draughn, Shaun"
2877,"Johnson, Will"
2878,"Lane, Jorvorskie"
2879,"Polk, Chris"
2880,"Dunbar, Lance"
2881,"Grimes, Jonathan"
2887,"Barner, Kenjon"
2888,"Bell, Le'Veon"
2889,"Bernard, Giovani"
2890,"Burkhead, Rex"
2891,"Davis, Knile"
2892,"Ellington, Andre"
2894,"Gillislee, Mike"
2896,"Lacy, Eddie"
2898,"Michael, Christine"
2899,"Murray, Latavius"
2900,"Randle, Joseph"
2901,"Robinson, Denard"
2902,"Stacy, Zac"
2903,"Taylor, Stepfan"
2907,"Riddick, Theo"
2908,"Juszczyk, Kyle"
2909,"Coleman, Derrick"
2910,"Bohanon, Tommy"
2911,"Cunningham, Benny"
2912,"Line, Zach"
2913,"Olawale, Jamize"
2914,"Ware, Spencer"
2915,"Thompson, Chris"
2916,"Whittaker, Fozzy"
2917,"Wood, Cierre"
2918,"Williams, Kerwynn"
2919,"Reynolds, Chase"
2920,"Robinson, Khiry"
2924,"Anderson, C.J."
2927,"Sankey, Bishop"
2928,"Hill, Jeremy"
2929,"West, Terrance"
2930,"Freeman, Devonta"
2931,"Sims, Charles"
2932,"Mason, Tre"
2933,"Hyde, Carlos"
2934,"Williams, Andre"
2935,"McKinnon, Jerick"
2940,"Andrews, Antonio"
2949,"Atkinson, George"
2953,"Gray, Jonas"
2954,"White, James"
2957,"Williams, Damien"
2958,"Thomas, De'Anthony"
2960,"Blue, Alfred"
2963,"Bibbs, Kapri"
2965,"Thompson, Juwan"
2969,"Crowell, Isaiah"
2972,"Carey, Ka'Deem"
2975,"Taliaferro, Lorenzo"
2976,"Darkwa, Orleans"
2978,"Hewitt, Ryan"
2979,"Johnson, Austin"
2980,"Prosch, Jay"
2981,"Winston, Glenn"
2982,"Oliver, Branden"
2984,"Winn, George"
2986,"Tukuafu, Will"
2987,"West, Charcandrick"
2988,"Tipton, Zurlon"
2990,"Toussaint, Fitzgerald"
2991,"Gordon, Melvin"
2992,"Gurley, Todd"
2993,"Yeldon, T.J."
2994,"Coleman, Tevin"
2995,"Abdullah, Ameer"
2996,"Cobb, David"
2997,"Johnson, Duke"
2998,"Ajayi, Jay"
2999,"Artis-Payne, Cameron"
3103,"Johnson, Charles"
3191,"Smith, Rod"
3328,"Smith, Steve"
3423,"Boldin, Anquan"
3437,"Johnson, Andre"
3474,"Brown, Antonio"
3497,"Cotchery, Jerricho"
3501,"Fitzgerald, Larry"
3529,"Welker, Wes"
3547,"Floyd, Malcom"
3550,"Jackson, Vincent"
3552,"Jones, Matt"
3571,"White, Roddy"
3581,"Washington, Nate"
3587,"Jennings, Greg"
3593,"Hester, Devin"
3602,"Colston, Marques"
3604,"Moore, Lance"
3610,"Austin, Miles"
3611,"Avant, Jason"
3627,"Marshall, Brandon"
3661,"Bowe, Dwayne"
3670,"Ginn Jr., Ted"
3677,"Johnson, Calvin"
3678,"Jones, Jacoby"
3679,"Jones, James"
3731,"Douglas, Harry"
3732,"Weems, Eric"
3737,"Johnson, Steve"
3743,"Caldwell, Andre"
3744,"Simpson, Jerome"
3748,"Royal, Eddie"
3751,"Nelson, Jordy"
3754,"Garcon, Pierre"
3760,"Slater, Matthew"
3770,"Jackson, DeSean"
3802,"Harvin, Percy"
3809,"Wallace, Mike"
3818,"Thigpen, Marcus"
3820,"Murphy, Louis"
3824,"Britt, Kenny"
3826,"Edelman, Julian"
3828,"Norwood, Jordan"
3830,"Maclin, Jeremy"
3848,"Heyward-Bey, Darrius"
3851,"Amendola, Danny"
3858,"Hartline, Brian"
3860,"Tate, Brandon"
3867,"Nicks, Hakeem"
3872,"Crabtree, Michael"
3877,"Ajirotutu, Seyi"
3885,"Benn, Arrelious"
3891,"Bryant, Dez"
3898,"Cooper, Riley"
3900,"Cruz, Victor"
3902,"Decker, Eric"
3906,"Easley, Marcus"
3946,"LaFell, Brandon"
3949,"Mariani, Marc"
3953,"McCluster, Dexter"
3960,"Moore, Marlon"
3969,"Parker, Preston"
3978,"Roberts, Andre"
3983,"Sanders, Emmanuel"
3995,"Tate, Golden"
3997,"Thomas, Demaryius"
4262,"Witten, Jason"
4270,"Gates, Antonio"
4292,"Watson, Ben"
4311,"Miller, Heath"
4323,"Davis, Vernon"
4324,"Lewis, Marcedes"
4327,"Fasano, Anthony"
4335,"Daniels, Owen"
4337,"Fells, Daniel"
4360,"Walker, Delanie"
4363,"Celek, Brent"
4368,"Olsen, Greg"
4371,"Spaeth, Matt"
4376,"Chandler, Scott"
4401,"Barnidge, Gary"
4403,"Davis, Kellen"
4407,"Bennett, Martellus"
4411,"Tamme, Jacob"
4424,"Stevens, Craig"
4431,"Mulligan, Matthew"
4433,"Phillips, John"
4437,"Cook, Jared"
4439,"Casey, James"
4450,"Johnson, David"
4455,"Coffman, Chase"
4457,"Myers, Brandon"
4461,"Miller, Zach"
4462,"Pettigrew, Brandon"
4481,"Cumberland, Jeff"
4482,"Dickson, Ed"
4484,"Dray, Jim"
4491,"Graham, Garrett"
4492,"Graham, Jimmy"
4493,"Gresham, Jermaine"
4494,"Gronkowski, Rob"
4495,"Harbor, Clay"
4499,"Hoomanawanui, Michael"
4506,"Moeaki, Tony"
4513,"Paulsen, Logan"
4516,"Pitta, Dennis"
4518,"Quarless, Andrew"
4532,"Stocker, Luke"
4533,"Cameron, Jordan"
4534,"Thomas, Julius"
4535,"Smith, Lee"
4537,"Rudolph, Kyle"
4538,"Kendricks, Lance"
4539,"Housler, Rob"
4542,"Green, Virgil"
4543,"Clay, Charles"
4551,"Allen, Dwayne"
4552,"Fleener, Coby"
4553,"Hanna, James"
4554,"Ellison, Rhett"
4562,"Green, Ladarius"
4564,"Celek, Garrett"
4565,"Harkey, Cory"
4568,"Eifert, Tyler"
4569,"Ertz, Zach"
4570,"Escobar, Gavin"
4571,"Gragg, Chris"
4572,"McDonald, Vance"
4573,"Reed, Jordan"
4574,"Rivera, Mychal"
4576,"Sims, Dion"
4577,"Toilolo, Levine"
4578,"Willson, Luke"
4582,"Kelce, Travis"
4585,"Donnell, Larry"
4586,"Hill, Josh"
4588,"McGrath, Sean"
4590,"Williams, Brandon"
4591,"Wright, Tim"
4592,"Griffin, Ryan"
4593,"Bostick, Brandon"
4594,"Doyle, Jack"
4595,"Gray, Marqueis"
4597,"Stoneburner, Jake"
4599,"Carrier, Derek"
4601,"Ebron, Eric"
4602,"Seferian-Jenkins, Austin"
4604,"Grimble, Xavier"
4605,"Niklas, Troy"
4609,"Fells, Darren"
4614,"Helfet, Cooper"
4618,"Burton, Trey"
4620,"Simonson, Scott"
4624,"Miller, Kyle"
4628,"Perillo, Justin"
4629,"Rodgers, Richard"
4636,"Gillmore, Crockett"
4637,"Supernaw, Phillip"
4640,"Fiedorowicz, C.J."
4642,"Harris, Demetrius"
4644,"Cleveland, Asante"
4645,"Jacobs, Nic"
4648,"Brate, Cameron"
4650,"Williams, Maxx"
4651,"Walford, Clive"
4652,"Kroft, Tyler"
4653,"James, Jesse"
4654,"Backman, Kennard"
4656,"Uzomah, C.J."
4660,"Boyle, Nick"
4661,"O'Leary, Nick"
4663,"Johnson, Malcolm"
4664,"O'Shaughnessy, James"
4665,"Williams, Michael"
4666,"Bell, Blake"
4667,"Cunningham, Jerome"
4668,"Swaim, Geoff"
4669,"Pruitt, MyCole"
4670,"Tye, Will"
4671,"Lee, Khari"
4672,"Parker, Brian"
4673,"Bibbs, E.J."
4674,"LaCosse, Matt"
4675,"Henry, Hunter"
4677,"Hooper, Austin"
4678,"Wick, Cole"
4679,"Anderson, Stephen"
4680,"Higbee, Tyler"
5070,"Walters, Bryan"
5071,"Webb, Joe"
5089,"Jones, Julio"
5091,"Green, A.J."
5097,"Inman, Dontrelle"
5103,"Shorts, Cecil"
5106,"Salas, Greg"
5109,"Moore, Denarius"
5110,"Paul, Niles"
5111,"Kerley, Jeremy"
5113,"Smith, Torrey"
5114,"Hankerson, Leonard"
5123,"Brown, Vincent"
5125,"Cobb, Randall"
5130,"Harris, Dwayne"
5134,"Robinson, Aldrick"
5136,"Baldwin, Doug"
5140,"Hawkins, Andrew"
5144,"Lockette, Ricardo"
5148,"Floyd, Michael"
5151,"Hilton, T.Y."
5153,"Jeffery, Alshon"
5155,"Martin, Keshawn"
5157,"Quick, Brian"
5158,"Randle, Rueben"
5159,"Sanu, Mohamed"
5160,"Thompson, Deonte"
5162,"Wright, Kendall"
5163,"Beasley, Cole"
5166,"Graham, T.J."
5167,"Hogan, Chris"
5168,"Jones, Marvin"
5169,"Streater, Rod"
5173,"Benjamin, Travis"
5177,"Holmes, Andre"
5178,"Johnson, Damaris"
5179,"Morgan, Joseph"
5182,"Matthews, Rishard"
5186,"Kearse, Jermaine"
5187,"Owusu, Chris"
5188,"Wright, Jarius"
5191,"Bellamy, Josh"
5194,"Ross, Jeremy"
5198,"Allen, Keenan"
5199,"Austin, Tavon"
5200,"Bailey, Stedman"
5202,"Dobson, Aaron"
5203,"Fuller, Corey"
5204,"Givens, Chris"
5205,"Goodwin, Marquise"
5206,"Hopkins, DeAndre"
5207,"Hunter, Justin"
5208,"Patterson, Cordarrelle"
5209,"Patton, Quinton"
5212,"Stills, Kenny"
5215,"Wheaton, Markus"
5216,"Williams, Terrance"
5217,"Woods, Robert"
5219,"Butler, Brice"
5222,"Harper, Chris"
5223,"Shepard, Russell"
5225,"Thompkins, Kenbrell"
5226,"Brown, Marlon"
5229,"Brown, Jaron"
5234,"Whalen, Griff"
5238,"Wilson, Marquess"
5239,"Golden, Brittan"
5241,"White, Myles"
5247,"Williams, Nick"
5252,"Watkins, Sammy"
5253,"Evans, Mike"
5254,"Matthews, Jordan"
5255,"Cooks, Brandin"
5256,"Lee, Marqise"
5257,"Benjamin, Kelvin"
5258,"Robinson, Allen"
5260,"Richardson, Paul"
5261,"Huff, Josh"
5263,"Adams, Davante"
5264,"Brown, John"
5265,"Ellington, Bruce"
5268,"Latimer, Cody"
5270,"Powell, Walter"
5271,"Archer, Dri"
5273,"King, Tavarres"
5275,"Aiken, Kamar"
5276,"Butler, Jeremy"
5277,"Campanaro, Michael"
5286,"Krause, Jonathan"
5287,"Snead, Willie"
5290,"Wright, James"
5292,"Bersin, Brenton"
5295,"Grant, Ryan"
5310,"Norwood, Kevin"
5314,"Herndon, Javontee"
5320,"Davis, Mike"
5323,"Beckham Jr., Odell"
5326,"Coleman, Brandon"
5333,"Thielen, Adam"
5335,"Landry, Jarvis"
5337,"Hammond, Frankie"
5339,"Wilson, Albert"
5341,"Hurns, Allen"
5344,"Moncrief, Donte"
5347,"Washington, Tony"
5350,"Abbrederis, Jared"
5351,"Janis, Jeff"
5353,"Fowler, Bennie"
5361,"Gabriel, Taylor"
5362,"Brown, Corey"
5363,"Burse, Isaiah"
5364,"Street, Devin"
5365,"Ross, Rashad"
5367,"Bryant, Martavis"
5368,"Matthews, Chris"
5370,"Allen, Javorius"
5371,"Langford, Jeremy"
5372,"Williams, Karlos"
5375,"Ward, Terron"
5376,"Cooper, Amari"
5377,"White, Kevin"
5378,"Agholor, Nelson"
5379,"Perriman, Breshad"
5380,"Parker, DeVante"
5381,"Funchess, Devin"
5382,"Green-Beckham, Dorial"
5383,"Strong, Jaelen"
5384,"Dorsett, Phillip"
5385,"Conley, Chris"
5386,"Lockett, Tyler"
5387,"Hardy, Justin"
5388,"Coates, Sammie"
5391,"Greene, Rashad"
5392,"Montgomery, Ty"
5394,"McBride, Tre"
5395,"Johnson, David"
5396,"Murphy, Marcus"
5397,"Zenner, Zach"
5398,"Robinson, Josh"
5399,"Davis, Geremy"
5400,"Whitehead, Lucky"
5401,"Hayne, Jarryd"
5402,"Rawls, Thomas"
5403,"Nix, Roosevelt"
5404,"Varga, Tyler"
5405,"Grant, Corey"
5406,"Ripkowski, Aaron"
5407,"Mumphery, Keith"
5408,"Roberts, Seth"
5409,"Nelson, J.J."
5410,"Crowder, Jamison"
5412,"Humphries, Adam"
5413,"Fowler, Jalston"
5414,"Mostert, Raheem"
5415,"Burton, Michael"
5416,"White, DeAndrew"
5417,"Meredith, Cameron"
5418,"Worthy, Chandler"
5419,"Waller, Darren"
5420,"Enunwa, Quincy"
5421,"Smith, Devin"
5422,"Jones, T.J."
5423,"Harris, Alonzo"
5424,"Diggs, Stefon"
5425,"Dye, Donteea"
5426,"Gaskins, Kendall"
5428,"Marquez, Bradley"
5429,"Bray, Quan"
5431,"Hunt, Akeem"
5432,"Williams, Tyrell"
5433,"Jennings, Darius"
5434,"Crockett, John"
5436,"Brown, Daniel"
5437,"Turzilli, Andrew"
5438,"Iosefa, Joey"
5439,"Magee, Terrence"
5440,"Edwards, Ben"
5441,"Brown, Malcolm"
5442,"Williams, Kasen"
5443,"Williams, Trey"
5444,"Elliott, Ezekiel"
5445,"Henry, Derrick"
5446,"Drake, Kenyan"
5448,"Prosise, C.J."
5449,"Washington, DeAndre"
5450,"Collins, Alex"
5452,"Coleman, Corey"
5453,"Treadwell, Laquon"
5454,"Fuller, Will"
5455,"Boyd, Tyler"
5456,"Shepard, Sterling"
5459,"Thomas, Michael"
5460,"Doctson, Josh"
5461,"Sharpe, Tajae"
5468,"Booker, Devontae"
5470,"Ervin, Tyler"
5474,"Carroo, Leonte"
5475,"Higgins, Rashard"
5476,"Miller, Braxton"
5478,"Rogers, Eli"
5479,"Moore, Chris"
5480,"Erickson, Alex"
5481,"Louis, Ricardo"
5482,"Janovich, Andy"
5483,"Washington, Dwayne"
5484,"Ferguson, Josh"
5485,"Hill, Tyreek"
5486,"Grant, Jakeem"
5487,"Lasco, Daniel"
5488,"Mitchell, Malcolm"
5489,"Marshall, Jalin"
5490,"Richard, Jalen"
5491,"Holton, Johnny"
5492,"Smith, Keith"
5494,"Farrow, Kenneth"
5495,"Foster, D.J."
5496,"Lewis, Tommylee"
5497,"Burbridge, Aaron"
5498,"Davis, Trevor"
5501,"Taylor, Jordan"
6016,"Dawson, Phil"
6037,"Vinatieri, Adam"
6048,"Janikowski, Sebastian"
6064,"Graham, Shayne"
6071,"Bryant, Matt"
6079,"Brown, Josh"
6088,"Scobee, Josh"
6093,"Nugent, Mike"
6095,"Novak, Nick"
6096,"Gould, Robbie"
6098,"Gostkowski, Stephen"
6104,"Crosby, Mason"
6120,"Folk, Nick"
6159,"Prater, Matt"
6163,"Carpenter, Dan"
6166,"Barth, Connor"
6167,"Hauschka, Steven"
6169,"Succop, Ryan"
6172,"Gano, Graham"
6194,"Bailey, Dan"
6203,"Bullock, Randy"
6204,"Walsh, Blair"
6205,"Zuerlein, Greg"
6206,"Tucker, Justin"
6208,"Forbath, Kai"
6209,"Hopkins, Dustin"
6211,"Sturgis, Caleb"
6218,"Hocker, Zach"
6219,"Murray, Patrick"
6224,"Santos, Cairo"
6225,"Boswell, Chris"
6227,"McManus, Brandon"
6229,"Catanzaro, Chandler"
6230,"Parkey, Cody"
6232,"Coons, Travis"
6233,"Lambo, Josh"
6234,"Brindza, Kyle"
6236,"Myers, Jason"
6237,"Franks, Andrew"
6238,"Aguayo, Roberto"
6239,"Lutz, Wil"
